1,CA-2016-152156,11/8/2016,11/11/2016,CG-12520,Claire Gute,Consumer,Henderson,Kentucky,261.96,2,0,41.9136
2,CA-2016-152156,11/8/2016,11/11/2016,CG-12520,Claire Gute,Consumer,Henderson,Kentucky,731.94,3,0,219.582
3,CA-2016-138688,6/12/2016,6/16/2016,DV-13045,Darrin Van Huff,Corporate,Los Angeles,California,14.62,2,0,6.8714
4,US-2015-108966,10/11/2015,10/18/2015,SO-20335,Sean O'Donnell,Consumer,Fort Lauderdale,Florida,957.5775,5,0.45,-383.031
5,US-2015-108966,10/11/2015,10/18/2015,SO-20335,Sean O'Donnell,Consumer,Fort Lauderdale,Florida,22.368,2,0.2,2.5164
6,CA-2014-115812,6/9/2014,6/14/2014,BH-11710,Brosina Hoffman,Consumer,Los Angeles,California,48.86,7,0,14.1694
7,CA-2014-115812,6/9/2014,6/14/2014,BH-11710,Brosina Hoffman,Consumer,Los Angeles,California,7.28,4,0,1.9656
8,CA-2014-115812,6/9/2014,6/14/2014,BH-11710,Brosina Hoffman,Consumer,Los Angeles,California,907.152,6,0.2,90.7152
9,CA-2014-115812,6/9/2014,6/14/2014,BH-11710,Brosina Hoffman,Consumer,Los Angeles,California,18.504,3,0.2,5.7825
10,CA-2014-115812,6/9/2014,6/14/2014,BH-11710,Brosina Hoffman,Consumer,Los Angeles,California,114.9,5,0,34.47
11,CA-2014-115812,6/9/2014,6/14/2014,BH-11710,Brosina Hoffman,Consumer,Los Angeles,California,1706.184,9,0.2,85.3092
12,CA-2014-115812,6/9/2014,6/14/2014,BH-11710,Brosina Hoffman,Consumer,Los Angeles,California,911.424,4,0.2,68.3568
13,CA-2017-114412,4/15/2017,4/20/2017,AA-10480,Andrew Allen,Consumer,Concord,North Carolina,15.552,3,0.2,5.4432
14,CA-2016-161389,12/5/2016,12/10/2016,IM-15070,Irene Maddox,Consumer,Seattle,Washington,407.976,3,0.2,132.5922
15,US-2015-118983,11/22/2015,11/26/2015,HP-14815,Harold Pawlan,Home Office,Fort Worth,Texas,68.81,5,0.8,-123.858
16,US-2015-118983,11/22/2015,11/26/2015,HP-14815,Harold Pawlan,Home Office,Fort Worth,Texas,2.544,3,0.8,-3.816
17,CA-2014-105893,11/11/2014,11/18/2014,PK-19075,Pete Kriz,Consumer,Madison,Wisconsin,665.88,6,0,13.3176
18,CA-2014-167164,5/13/2014,5/15/2014,AG-10270,Alejandro Grove,Consumer,West Jordan,Utah,55.5,2,0,9.99
19,CA-2014-143336,8/27/2014,9/1/2014,ZD-21925,Zuschuss Donatelli,Consumer,San Francisco,California,8.56,2,0,2.4824
20,CA-2014-143336,8/27/2014,9/1/2014,ZD-21925,Zuschuss Donatelli,Consumer,San Francisco,California,213.48,3,0.2,16.011
21,CA-2014-143336,8/27/2014,9/1/2014,ZD-21925,Zuschuss Donatelli,Consumer,San Francisco,California,22.72,4,0.2,7.384
22,CA-2016-137330,12/9/2016,12/13/2016,KB-16585,Ken Black,Corporate,Fremont,Nebraska,19.46,7,0,5.0596
23,CA-2016-137330,12/9/2016,12/13/2016,KB-16585,Ken Black,Corporate,Fremont,Nebraska,60.34,7,0,15.6884
24,US-2017-156909,7/16/2017,7/18/2017,SF-20065,Sandra Flanagan,Consumer,Philadelphia,Pennsylvania,71.372,2,0.3,-1.0196
25,CA-2015-106320,9/25/2015,9/30/2015,EB-13870,Emily Burns,Consumer,Orem,Utah,1044.63,3,0,240.2649
26,CA-2016-121755,1/16/2016,1/20/2016,EH-13945,Eric Hoffmann,Consumer,Los Angeles,California,11.648,2,0.2,4.2224
27,CA-2016-121755,1/16/2016,1/20/2016,EH-13945,Eric Hoffmann,Consumer,Los Angeles,California,90.57,3,0,11.7741
28,US-2015-150630,9/17/2015,9/21/2015,TB-21520,Tracy Blumstein,Consumer,Philadelphia,Pennsylvania,3083.43,7,0.5,-1665.0522
29,US-2015-150630,9/17/2015,9/21/2015,TB-21520,Tracy Blumstein,Consumer,Philadelphia,Pennsylvania,9.618,2,0.7,-7.0532
30,US-2015-150630,9/17/2015,9/21/2015,TB-21520,Tracy Blumstein,Consumer,Philadelphia,Pennsylvania,124.2,3,0.2,15.525
31,US-2015-150630,9/17/2015,9/21/2015,TB-21520,Tracy Blumstein,Consumer,Philadelphia,Pennsylvania,3.264,2,0.2,1.1016
32,US-2015-150630,9/17/2015,9/21/2015,TB-21520,Tracy Blumstein,Consumer,Philadelphia,Pennsylvania,86.304,6,0.2,9.7092
33,US-2015-150630,9/17/2015,9/21/2015,TB-21520,Tracy Blumstein,Consumer,Philadelphia,Pennsylvania,6.858,6,0.7,-5.715
34,US-2015-150630,9/17/2015,9/21/2015,TB-21520,Tracy Blumstein,Consumer,Philadelphia,Pennsylvania,15.76,2,0.2,3.546
35,CA-2017-107727,10/19/2017,10/23/2017,MA-17560,Matt Abelman,Home Office,Houston,Texas,29.472,3,0.2,9.9468
36,CA-2016-117590,12/8/2016,12/10/2016,GH-14485,Gene Hale,Corporate,Richardson,Texas,1097.544,7,0.2,123.4737
37,CA-2016-117590,12/8/2016,12/10/2016,GH-14485,Gene Hale,Corporate,Richardson,Texas,190.92,5,0.6,-147.963
38,CA-2015-117415,12/27/2015,12/31/2015,SN-20710,Steve Nguyen,Home Office,Houston,Texas,113.328,9,0.2,35.415
39,CA-2015-117415,12/27/2015,12/31/2015,SN-20710,Steve Nguyen,Home Office,Houston,Texas,532.3992,3,0.32,-46.9764
40,CA-2015-117415,12/27/2015,12/31/2015,SN-20710,Steve Nguyen,Home Office,Houston,Texas,212.058,3,0.3,-15.147
41,CA-2015-117415,12/27/2015,12/31/2015,SN-20710,Steve Nguyen,Home Office,Houston,Texas,371.168,4,0.2,41.7564
42,CA-2017-120999,9/10/2017,9/15/2017,LC-16930,Linda Cazamias,Corporate,Naperville,Illinois,147.168,4,0.2,16.5564
43,CA-2016-101343,7/17/2016,7/22/2016,RA-19885,Ruben Ausman,Corporate,Los Angeles,California,77.88,2,0,3.894
44,CA-2017-139619,9/19/2017,9/23/2017,ES-14080,Erin Smith,Corporate,Melbourne,Florida,95.616,2,0.2,9.5616
45,CA-2016-118255,3/11/2016,3/13/2016,ON-18715,Odella Nelson,Corporate,Eagan,Minnesota,45.98,2,0,19.7714
46,CA-2016-118255,3/11/2016,3/13/2016,ON-18715,Odella Nelson,Corporate,Eagan,Minnesota,17.46,2,0,8.2062
47,CA-2014-146703,10/20/2014,10/25/2014,PO-18865,Patrick O'Donnell,Consumer,Westland,Michigan,211.96,4,0,8.4784
48,CA-2016-169194,6/20/2016,6/25/2016,LH-16900,Lena Hernandez,Consumer,Dover,Delaware,45,3,0,4.95
49,CA-2016-169194,6/20/2016,6/25/2016,LH-16900,Lena Hernandez,Consumer,Dover,Delaware,21.8,2,0,6.104
50,CA-2015-115742,4/18/2015,4/22/2015,DP-13000,Darren Powers,Consumer,New Albany,Indiana,38.22,6,0,17.9634
51,CA-2015-115742,4/18/2015,4/22/2015,DP-13000,Darren Powers,Consumer,New Albany,Indiana,75.18,6,0,35.3346
52,CA-2015-115742,4/18/2015,4/22/2015,DP-13000,Darren Powers,Consumer,New Albany,Indiana,6.16,2,0,2.9568
53,CA-2015-115742,4/18/2015,4/22/2015,DP-13000,Darren Powers,Consumer,New Albany,Indiana,89.99,1,0,17.0981
54,CA-2016-105816,12/11/2016,12/17/2016,JM-15265,Janet Molinari,Corporate,New York City,New York,15.26,7,0,6.2566
55,CA-2016-105816,12/11/2016,12/17/2016,JM-15265,Janet Molinari,Corporate,New York City,New York,1029.95,5,0,298.6855
56,CA-2016-111682,6/17/2016,6/18/2016,TB-21055,Ted Butterfield,Consumer,Troy,New York,208.56,6,0,52.14
57,CA-2016-111682,6/17/2016,6/18/2016,TB-21055,Ted Butterfield,Consumer,Troy,New York,32.4,5,0,15.552
58,CA-2016-111682,6/17/2016,6/18/2016,TB-21055,Ted Butterfield,Consumer,Troy,New York,319.41,5,0.1,7.098
59,CA-2016-111682,6/17/2016,6/18/2016,TB-21055,Ted Butterfield,Consumer,Troy,New York,14.56,2,0,6.9888
60,CA-2016-111682,6/17/2016,6/18/2016,TB-21055,Ted Butterfield,Consumer,Troy,New York,30,2,0,3.3
61,CA-2016-111682,6/17/2016,6/18/2016,TB-21055,Ted Butterfield,Consumer,Troy,New York,48.48,4,0.2,16.362
62,CA-2016-111682,6/17/2016,6/18/2016,TB-21055,Ted Butterfield,Consumer,Troy,New York,1.68,1,0,0.84
63,CA-2015-135545,11/24/2015,11/30/2015,KM-16720,Kunst Miller,Consumer,Los Angeles,California,13.98,2,0,6.1512
64,CA-2015-135545,11/24/2015,11/30/2015,KM-16720,Kunst Miller,Consumer,Los Angeles,California,25.824,6,0.2,9.3612
65,CA-2015-135545,11/24/2015,11/30/2015,KM-16720,Kunst Miller,Consumer,Los Angeles,California,146.73,3,0,68.9631
66,CA-2015-135545,11/24/2015,11/30/2015,KM-16720,Kunst Miller,Consumer,Los Angeles,California,79.76,4,0,22.3328
67,US-2015-164175,4/30/2015,5/5/2015,PS-18970,Paul Stevenson,Home Office,Chicago,Illinois,213.115,5,0.3,-15.2225
68,CA-2014-106376,12/5/2014,12/10/2014,BS-11590,Brendan Sweed,Corporate,Gilbert,Arizona,1113.024,8,0.2,111.3024
69,CA-2014-106376,12/5/2014,12/10/2014,BS-11590,Brendan Sweed,Corporate,Gilbert,Arizona,167.968,4,0.2,62.988
70,CA-2016-119823,6/4/2016,6/6/2016,KD-16270,Karen Daniels,Consumer,Springfield,Virginia,75.88,2,0,35.6636
71,CA-2016-106075,9/18/2016,9/23/2016,HM-14980,Henry MacAllister,Consumer,New York City,New York,4.616,1,0.2,1.731
72,CA-2017-114440,9/14/2017,9/17/2017,TB-21520,Tracy Blumstein,Consumer,Jackson,Michigan,19.05,3,0,8.763
73,US-2015-134026,4/26/2015,5/2/2015,JE-15745,Joel Eaton,Consumer,Memphis,Tennessee,831.936,8,0.2,-114.3912
74,US-2015-134026,4/26/2015,5/2/2015,JE-15745,Joel Eaton,Consumer,Memphis,Tennessee,97.04,2,0.2,1.213
75,US-2015-134026,4/26/2015,5/2/2015,JE-15745,Joel Eaton,Consumer,Memphis,Tennessee,72.784,1,0.2,-18.196
76,US-2017-118038,12/9/2017,12/11/2017,KB-16600,Ken Brennan,Corporate,Houston,Texas,1.248,3,0.8,-1.9344
77,US-2017-118038,12/9/2017,12/11/2017,KB-16600,Ken Brennan,Corporate,Houston,Texas,9.708,3,0.6,-5.8248
78,US-2017-118038,12/9/2017,12/11/2017,KB-16600,Ken Brennan,Corporate,Houston,Texas,27.24,3,0.2,2.724
79,US-2014-147606,11/26/2014,12/1/2014,JE-15745,Joel Eaton,Consumer,Houston,Texas,19.3,5,0.6,-14.475
80,CA-2016-127208,6/12/2016,6/15/2016,SC-20770,Stewart Carmichael,Corporate,Decatur,Alabama,208.16,1,0,56.2032
81,CA-2016-127208,6/12/2016,6/15/2016,SC-20770,Stewart Carmichael,Corporate,Decatur,Alabama,16.74,3,0,8.0352
82,CA-2014-139451,10/12/2014,10/16/2014,DN-13690,Duane Noonan,Consumer,San Francisco,California,14.9,5,0,4.172
83,CA-2014-139451,10/12/2014,10/16/2014,DN-13690,Duane Noonan,Consumer,San Francisco,California,21.39,1,0,6.2031
84,CA-2015-149734,9/3/2015,9/8/2015,JC-16105,Julie Creighton,Corporate,Durham,North Carolina,200.984,7,0.2,62.8075
85,US-2017-119662,11/13/2017,11/16/2017,CS-12400,Christopher Schild,Home Office,Chicago,Illinois,230.376,3,0.2,-48.9549
86,CA-2017-140088,5/28/2017,5/30/2017,PO-18865,Patrick O'Donnell,Consumer,Columbia,South Carolina,301.96,2,0,33.2156
87,CA-2017-155558,10/26/2017,11/2/2017,PG-18895,Paul Gonzalez,Consumer,Rochester,Minnesota,19.99,1,0,6.7966
88,CA-2017-155558,10/26/2017,11/2/2017,PG-18895,Paul Gonzalez,Consumer,Rochester,Minnesota,6.16,2,0,2.9568
89,CA-2016-159695,4/5/2016,4/10/2016,GM-14455,Gary Mitchum,Home Office,Houston,Texas,158.368,7,0.2,13.8572
90,CA-2016-109806,9/17/2016,9/22/2016,JS-15685,Jim Sink,Corporate,Los Angeles,California,20.1,3,0,6.633
91,CA-2016-109806,9/17/2016,9/22/2016,JS-15685,Jim Sink,Corporate,Los Angeles,California,73.584,2,0.2,8.2782
92,CA-2016-109806,9/17/2016,9/22/2016,JS-15685,Jim Sink,Corporate,Los Angeles,California,6.48,1,0,3.1104
93,CA-2015-149587,1/31/2015,2/5/2015,KB-16315,Karl Braun,Consumer,Minneapolis,Minnesota,12.96,2,0,6.2208
94,CA-2015-149587,1/31/2015,2/5/2015,KB-16315,Karl Braun,Consumer,Minneapolis,Minnesota,53.34,3,0,16.5354
95,CA-2015-149587,1/31/2015,2/5/2015,KB-16315,Karl Braun,Consumer,Minneapolis,Minnesota,32.96,2,0,16.1504
96,US-2017-109484,11/6/2017,11/12/2017,RB-19705,Roger Barcio,Home Office,Portland,Oregon,5.682,1,0.7,-3.788
97,CA-2017-161018,11/9/2017,11/11/2017,PN-18775,Parhena Norris,Home Office,New York City,New York,96.53,7,0,40.5426
98,CA-2017-157833,6/17/2017,6/20/2017,KD-16345,Katherine Ducich,Consumer,San Francisco,California,51.312,3,0.2,17.9592
99,CA-2016-149223,9/6/2016,9/11/2016,ER-13855,Elpida Rittenbach,Corporate,Saint Paul,Minnesota,77.88,6,0,22.5852
100,CA-2016-158568,8/29/2016,9/2/2016,RB-19465,Rick Bensley,Home Office,Chicago,Illinois,64.624,7,0.2,22.6184
101,CA-2016-158568,8/29/2016,9/2/2016,RB-19465,Rick Bensley,Home Office,Chicago,Illinois,95.976,3,0.2,-10.7973
102,CA-2016-158568,8/29/2016,9/2/2016,RB-19465,Rick Bensley,Home Office,Chicago,Illinois,1.788,3,0.8,-3.0396
103,CA-2016-129903,12/1/2016,12/4/2016,GZ-14470,Gary Zandusky,Consumer,Rochester,Minnesota,23.92,4,0,11.7208
104,US-2015-156867,11/13/2015,11/17/2015,LC-16870,Lena Cacioppo,Consumer,Aurora,Colorado,238.896,6,0.2,-26.8758
105,US-2015-156867,11/13/2015,11/17/2015,LC-16870,Lena Cacioppo,Consumer,Aurora,Colorado,102.36,3,0.2,-3.8385
106,US-2015-156867,11/13/2015,11/17/2015,LC-16870,Lena Cacioppo,Consumer,Aurora,Colorado,36.882,3,0.7,-25.8174
107,CA-2017-119004,11/23/2017,11/28/2017,JM-15250,Janet Martin,Consumer,Charlotte,North Carolina,74.112,8,0.2,17.6016
108,CA-2017-119004,11/23/2017,11/28/2017,JM-15250,Janet Martin,Consumer,Charlotte,North Carolina,27.992,1,0.2,2.0994
109,CA-2017-119004,11/23/2017,11/28/2017,JM-15250,Janet Martin,Consumer,Charlotte,North Carolina,3.304,1,0.2,1.0738
110,CA-2015-129476,10/15/2015,10/20/2015,PA-19060,Pete Armstrong,Home Office,Orland Park,Illinois,339.96,5,0.2,67.992
111,CA-2017-146780,12/25/2017,12/30/2017,CV-12805,Cynthia Voltz,Corporate,New York City,New York,41.96,2,0,10.9096
112,CA-2016-128867,11/3/2016,11/10/2016,CL-12565,Clay Ludtke,Consumer,Urbandale,Iowa,75.96,2,0,22.788
113,CA-2016-128867,11/3/2016,11/10/2016,CL-12565,Clay Ludtke,Consumer,Urbandale,Iowa,27.24,6,0,13.3476
114,CA-2014-115259,8/25/2014,8/27/2014,RC-19960,Ryan Crowe,Consumer,Columbus,Ohio,40.096,14,0.2,14.5348
115,CA-2014-115259,8/25/2014,8/27/2014,RC-19960,Ryan Crowe,Consumer,Columbus,Ohio,4.72,2,0.2,1.652
116,CA-2014-115259,8/25/2014,8/27/2014,RC-19960,Ryan Crowe,Consumer,Columbus,Ohio,23.976,3,0.2,7.4925
117,CA-2014-115259,8/25/2014,8/27/2014,RC-19960,Ryan Crowe,Consumer,Columbus,Ohio,130.464,6,0.2,44.0316
118,CA-2015-110457,3/2/2015,3/6/2015,DK-13090,Dave Kipp,Consumer,Seattle,Washington,787.53,3,0,165.3813
119,US-2015-136476,4/5/2015,4/10/2015,GG-14650,Greg Guthrie,Corporate,Bristol,Tennessee,157.794,1,0.7,-115.7156
120,CA-2016-103730,6/12/2016,6/15/2016,SC-20725,Steven Cartwright,Consumer,Wilmington,Delaware,47.04,3,0,18.3456
121,CA-2016-103730,6/12/2016,6/15/2016,SC-20725,Steven Cartwright,Consumer,Wilmington,Delaware,30.84,4,0,13.878
122,CA-2016-103730,6/12/2016,6/15/2016,SC-20725,Steven Cartwright,Consumer,Wilmington,Delaware,226.56,6,0,63.4368
123,CA-2016-103730,6/12/2016,6/15/2016,SC-20725,Steven Cartwright,Consumer,Wilmington,Delaware,115.02,9,0,51.759
124,CA-2016-103730,6/12/2016,6/15/2016,SC-20725,Steven Cartwright,Consumer,Wilmington,Delaware,68.04,7,0,19.7316
125,US-2014-152030,12/26/2014,12/28/2014,AD-10180,Alan Dominguez,Home Office,Houston,Texas,600.558,3,0.3,-8.5794
126,US-2014-134614,9/20/2014,9/25/2014,PF-19165,Philip Fox,Consumer,Bloomington,Illinois,617.7,6,0.5,-407.682
127,US-2017-107272,11/5/2017,11/12/2017,TS-21610,Troy Staebel,Consumer,Phoenix,Arizona,2.388,2,0.7,-1.8308
128,US-2017-107272,11/5/2017,11/12/2017,TS-21610,Troy Staebel,Consumer,Phoenix,Arizona,243.992,7,0.2,30.499
129,US-2016-125969,11/6/2016,11/10/2016,LS-16975,Lindsay Shagiari,Home Office,Los Angeles,California,81.424,2,0.2,-9.1602
130,US-2016-125969,11/6/2016,11/10/2016,LS-16975,Lindsay Shagiari,Home Office,Los Angeles,California,238.56,3,0,26.2416
131,US-2017-164147,2/2/2017,2/5/2017,DW-13585,Dorothy Wardle,Corporate,Columbus,Ohio,59.97,5,0.4,-11.994
132,US-2017-164147,2/2/2017,2/5/2017,DW-13585,Dorothy Wardle,Corporate,Columbus,Ohio,78.304,2,0.2,29.364
133,US-2017-164147,2/2/2017,2/5/2017,DW-13585,Dorothy Wardle,Corporate,Columbus,Ohio,21.456,9,0.2,6.9732
134,CA-2016-145583,10/13/2016,10/19/2016,LC-16885,Lena Creighton,Consumer,Roseville,California,20.04,3,0,9.6192
135,CA-2016-145583,10/13/2016,10/19/2016,LC-16885,Lena Creighton,Consumer,Roseville,California,35.44,1,0,16.6568
136,CA-2016-145583,10/13/2016,10/19/2016,LC-16885,Lena Creighton,Consumer,Roseville,California,11.52,4,0,3.456
137,CA-2016-145583,10/13/2016,10/19/2016,LC-16885,Lena Creighton,Consumer,Roseville,California,4.02,2,0,1.9698
138,CA-2016-145583,10/13/2016,10/19/2016,LC-16885,Lena Creighton,Consumer,Roseville,California,76.176,3,0.2,26.6616
139,CA-2016-145583,10/13/2016,10/19/2016,LC-16885,Lena Creighton,Consumer,Roseville,California,65.88,6,0,18.4464
140,CA-2016-145583,10/13/2016,10/19/2016,LC-16885,Lena Creighton,Consumer,Roseville,California,43.12,14,0,20.6976
141,CA-2016-110366,9/5/2016,9/7/2016,JD-15895,Jonathan Doherty,Corporate,Philadelphia,Pennsylvania,82.8,2,0.2,10.35
142,CA-2017-106180,9/18/2017,9/23/2017,SH-19975,Sally Hughsby,Corporate,San Francisco,California,8.82,3,0,2.3814
143,CA-2017-106180,9/18/2017,9/23/2017,SH-19975,Sally Hughsby,Corporate,San Francisco,California,10.86,3,0,5.1042
144,CA-2017-106180,9/18/2017,9/23/2017,SH-19975,Sally Hughsby,Corporate,San Francisco,California,143.7,3,0,68.976
145,CA-2017-155376,12/22/2017,12/27/2017,SG-20080,Sandra Glassco,Consumer,Independence,Missouri,839.43,3,0,218.2518
146,CA-2015-110744,9/7/2015,9/12/2015,HA-14920,Helen Andreada,Consumer,Pasadena,California,671.93,7,0,20.1579
147,CA-2014-110072,10/22/2014,10/28/2014,MG-17680,Maureen Gastineau,Home Office,Newark,Ohio,93.888,4,0.2,12.9096
148,CA-2016-114489,12/5/2016,12/9/2016,JE-16165,Justin Ellison,Corporate,Franklin,Wisconsin,384.45,11,0,103.8015
149,CA-2016-114489,12/5/2016,12/9/2016,JE-16165,Justin Ellison,Corporate,Franklin,Wisconsin,149.97,3,0,5.9988
150,CA-2016-114489,12/5/2016,12/9/2016,JE-16165,Justin Ellison,Corporate,Franklin,Wisconsin,1951.84,8,0,585.552
151,CA-2016-114489,12/5/2016,12/9/2016,JE-16165,Justin Ellison,Corporate,Franklin,Wisconsin,171.55,5,0,80.6285
152,CA-2016-158834,3/13/2016,3/16/2016,TW-21025,Tamara Willingham,Home Office,Scottsdale,Arizona,157.92,5,0.2,17.766
153,CA-2016-158834,3/13/2016,3/16/2016,TW-21025,Tamara Willingham,Home Office,Scottsdale,Arizona,203.184,2,0.2,15.2388
154,CA-2015-124919,5/31/2015,6/2/2015,SP-20650,Stephanie Phelps,Corporate,San Jose,California,58.38,7,0,26.271
155,CA-2015-124919,5/31/2015,6/2/2015,SP-20650,Stephanie Phelps,Corporate,San Jose,California,105.52,4,0,48.5392
156,CA-2015-124919,5/31/2015,6/2/2015,SP-20650,Stephanie Phelps,Corporate,San Jose,California,80.88,6,0,21.0288
157,CA-2015-118948,5/28/2015,6/3/2015,NK-18490,Neil Knudson,Home Office,Seattle,Washington,6.63,3,0,1.7901
158,CA-2014-104269,3/1/2014,3/6/2014,DB-13060,Dave Brooks,Consumer,Seattle,Washington,457.568,2,0.2,51.4764
159,CA-2016-114104,11/20/2016,11/24/2016,NP-18670,Nora Paige,Consumer,Edmond,Oklahoma,14.62,2,0,6.8714
160,CA-2016-114104,11/20/2016,11/24/2016,NP-18670,Nora Paige,Consumer,Edmond,Oklahoma,944.93,7,0,236.2325
161,CA-2016-162733,5/11/2016,5/12/2016,TT-21070,Ted Trevino,Consumer,Los Angeles,California,5.98,1,0,2.691
162,CA-2015-119697,12/28/2015,12/31/2015,EM-13960,Eric Murdock,Consumer,Philadelphia,Pennsylvania,54.384,2,0.2,1.3596
163,CA-2016-154508,11/16/2016,11/20/2016,RD-19900,Ruben Dartt,Consumer,Carlsbad,New Mexico,28.4,5,0,13.348
164,CA-2016-113817,11/7/2016,11/11/2016,MJ-17740,Max Jones,Consumer,Seattle,Washington,27.68,2,0.2,9.688
165,CA-2014-139892,9/8/2014,9/12/2014,BM-11140,Becky Martin,Consumer,San Antonio,Texas,9.936,3,0.2,2.7324
166,CA-2014-139892,9/8/2014,9/12/2014,BM-11140,Becky Martin,Consumer,San Antonio,Texas,8159.952,8,0.4,-1359.992
167,CA-2014-139892,9/8/2014,9/12/2014,BM-11140,Becky Martin,Consumer,San Antonio,Texas,275.928,3,0.2,-58.6347
168,CA-2014-139892,9/8/2014,9/12/2014,BM-11140,Becky Martin,Consumer,San Antonio,Texas,1740.06,9,0.3,-24.858
169,CA-2014-139892,9/8/2014,9/12/2014,BM-11140,Becky Martin,Consumer,San Antonio,Texas,32.064,6,0.2,6.8136
170,CA-2014-139892,9/8/2014,9/12/2014,BM-11140,Becky Martin,Consumer,San Antonio,Texas,177.98,5,0.8,-453.849
171,CA-2014-139892,9/8/2014,9/12/2014,BM-11140,Becky Martin,Consumer,San Antonio,Texas,143.976,3,0.2,8.9985
172,CA-2014-118962,8/5/2014,8/9/2014,CS-12130,Chad Sievert,Consumer,Los Angeles,California,20.94,3,0,9.8418
173,CA-2014-118962,8/5/2014,8/9/2014,CS-12130,Chad Sievert,Consumer,Los Angeles,California,110.96,2,0,53.2608
174,CA-2014-118962,8/5/2014,8/9/2014,CS-12130,Chad Sievert,Consumer,Los Angeles,California,340.144,7,0.2,21.259
175,US-2014-100853,9/14/2014,9/19/2014,JB-15400,Jennifer Braxton,Corporate,Chicago,Illinois,52.448,2,0.8,-131.12
176,US-2014-100853,9/14/2014,9/19/2014,JB-15400,Jennifer Braxton,Corporate,Chicago,Illinois,20.16,4,0.2,6.552
177,US-2017-152366,4/21/2017,4/25/2017,SJ-20500,Shirley Jackson,Consumer,Houston,Texas,97.264,4,0.8,-243.16
178,US-2015-101511,11/21/2015,11/23/2015,JE-15745,Joel Eaton,Consumer,Newark,Ohio,396.802,7,0.3,-11.3372
179,US-2015-101511,11/21/2015,11/23/2015,JE-15745,Joel Eaton,Consumer,Newark,Ohio,15.88,5,0.2,-3.7715
180,CA-2015-137225,12/15/2015,12/19/2015,JK-15640,Jim Kriz,Home Office,New York City,New York,3.28,1,0,1.4104
181,CA-2014-166191,12/5/2014,12/9/2014,DK-13150,David Kendrick,Corporate,Decatur,Illinois,24.816,2,0.2,1.8612
182,CA-2014-166191,12/5/2014,12/9/2014,DK-13150,David Kendrick,Corporate,Decatur,Illinois,408.744,7,0.2,76.6395
183,CA-2014-158274,11/19/2014,11/24/2014,RM-19675,Robert Marley,Home Office,Monroe,Louisiana,503.96,4,0,131.0296
184,CA-2014-158274,11/19/2014,11/24/2014,RM-19675,Robert Marley,Home Office,Monroe,Louisiana,149.95,5,0,41.986
185,CA-2014-158274,11/19/2014,11/24/2014,RM-19675,Robert Marley,Home Office,Monroe,Louisiana,29,2,0,7.25
186,CA-2016-105018,11/28/2016,12/2/2016,SK-19990,Sally Knutson,Consumer,Fairfield,Connecticut,7.16,2,0,3.4368
187,CA-2014-123260,8/26/2014,8/30/2014,FM-14290,Frank Merwin,Home Office,Los Angeles,California,176.8,8,0,22.984
188,CA-2016-157000,7/16/2016,7/22/2016,AM-10360,Alice McCarthy,Corporate,Grand Prairie,Texas,37.224,3,0.2,3.7224
189,CA-2016-157000,7/16/2016,7/22/2016,AM-10360,Alice McCarthy,Corporate,Grand Prairie,Texas,20.016,3,0.2,6.255
190,CA-2015-102281,10/12/2015,10/14/2015,MP-17470,Mark Packer,Home Office,New York City,New York,899.136,4,0.2,112.392
191,CA-2015-102281,10/12/2015,10/14/2015,MP-17470,Mark Packer,Home Office,New York City,New York,71.76,6,0,20.0928
192,CA-2015-102281,10/12/2015,10/14/2015,MP-17470,Mark Packer,Home Office,New York City,New York,51.84,8,0,24.8832
193,CA-2015-102281,10/12/2015,10/14/2015,MP-17470,Mark Packer,Home Office,New York City,New York,626.352,3,0.2,46.9764
194,CA-2015-102281,10/12/2015,10/14/2015,MP-17470,Mark Packer,Home Office,New York City,New York,19.9,5,0,6.567
195,CA-2015-131457,10/31/2015,11/6/2015,MZ-17515,Mary Zewe,Corporate,Redlands,California,14.28,7,0,6.7116
196,CA-2014-140004,3/21/2014,3/25/2014,CB-12025,Cassandra Brandow,Consumer,Hamilton,Ohio,7.408,2,0.2,1.2038
197,CA-2014-140004,3/21/2014,3/25/2014,CB-12025,Cassandra Brandow,Consumer,Hamilton,Ohio,6.048,3,0.2,1.5876
198,CA-2017-107720,11/6/2017,11/13/2017,VM-21685,Valerie Mitchum,Home Office,Westfield,New Jersey,46.26,3,0,12.0276
199,US-2017-124303,7/6/2017,7/13/2017,FH-14365,Fred Hopkins,Corporate,Philadelphia,Pennsylvania,2.946,2,0.7,-2.2586
200,US-2017-124303,7/6/2017,7/13/2017,FH-14365,Fred Hopkins,Corporate,Philadelphia,Pennsylvania,16.056,3,0.2,5.8203
201,CA-2017-105074,6/24/2017,6/29/2017,MB-17305,Maria Bertelson,Consumer,Akron,Ohio,21.744,3,0.2,6.795
202,CA-2014-133690,8/3/2014,8/5/2014,BS-11755,Bruce Stewart,Consumer,Denver,Colorado,218.75,2,0.5,-161.875
203,CA-2014-133690,8/3/2014,8/5/2014,BS-11755,Bruce Stewart,Consumer,Denver,Colorado,2.6,1,0.2,0.2925
204,US-2017-116701,12/17/2017,12/21/2017,LC-17140,Logan Currie,Consumer,Dallas,Texas,66.284,2,0.8,-178.9668
205,CA-2017-126382,6/3/2017,6/7/2017,HK-14890,Heather Kirkland,Corporate,Franklin,Tennessee,35.168,7,0.2,9.6712
206,CA-2017-108329,12/9/2017,12/14/2017,LE-16810,Laurel Elliston,Consumer,Whittier,California,444.768,4,0.2,44.4768
207,CA-2017-135860,12/1/2017,12/7/2017,JH-15985,Joseph Holt,Consumer,Saginaw,Michigan,83.92,4,0,5.8744
208,CA-2017-135860,12/1/2017,12/7/2017,JH-15985,Joseph Holt,Consumer,Saginaw,Michigan,131.98,2,0,35.6346
209,CA-2017-135860,12/1/2017,12/7/2017,JH-15985,Joseph Holt,Consumer,Saginaw,Michigan,15.92,4,0,7.4824
210,CA-2017-135860,12/1/2017,12/7/2017,JH-15985,Joseph Holt,Consumer,Saginaw,Michigan,52.29,9,0,16.2099
211,CA-2017-135860,12/1/2017,12/7/2017,JH-15985,Joseph Holt,Consumer,Saginaw,Michigan,91.99,1,0,3.6796
212,CA-2015-101007,2/9/2015,2/13/2015,MS-17980,Michael Stewart,Corporate,Dallas,Texas,20.8,2,0.2,6.5
213,CA-2015-146262,1/2/2015,1/9/2015,VW-21775,Victoria Wilson,Corporate,Medina,Ohio,23.68,2,0.2,8.88
214,CA-2015-146262,1/2/2015,1/9/2015,VW-21775,Victoria Wilson,Corporate,Medina,Ohio,452.45,5,0.5,-244.323
215,CA-2015-146262,1/2/2015,1/9/2015,VW-21775,Victoria Wilson,Corporate,Medina,Ohio,62.982,3,0.4,-14.6958
216,CA-2015-146262,1/2/2015,1/9/2015,VW-21775,Victoria Wilson,Corporate,Medina,Ohio,1188,9,0.7,-950.4
217,CA-2015-146262,1/2/2015,1/9/2015,VW-21775,Victoria Wilson,Corporate,Medina,Ohio,89.584,2,0.2,4.4792
218,CA-2016-130162,10/28/2016,11/1/2016,JH-15910,Jonathan Howell,Consumer,Los Angeles,California,93.06,6,0,26.0568
219,CA-2016-130162,10/28/2016,11/1/2016,JH-15910,Jonathan Howell,Consumer,Los Angeles,California,302.376,3,0.2,22.6782
220,CA-2015-169397,12/24/2015,12/27/2015,JB-15925,Joni Blumstein,Consumer,Dublin,Ohio,5.584,2,0.2,1.8148
221,CA-2015-169397,12/24/2015,12/27/2015,JB-15925,Joni Blumstein,Consumer,Dublin,Ohio,22.704,6,0.2,8.2302
222,CA-2015-169397,12/24/2015,12/27/2015,JB-15925,Joni Blumstein,Consumer,Dublin,Ohio,19.776,4,0.7,-13.8432
223,CA-2015-169397,12/24/2015,12/27/2015,JB-15925,Joni Blumstein,Consumer,Dublin,Ohio,72.704,4,0.2,19.0848
224,CA-2015-169397,12/24/2015,12/27/2015,JB-15925,Joni Blumstein,Consumer,Dublin,Ohio,479.988,4,0.7,-383.9904
225,CA-2015-169397,12/24/2015,12/27/2015,JB-15925,Joni Blumstein,Consumer,Dublin,Ohio,27.168,2,0.2,2.7168
226,CA-2015-163055,8/9/2015,8/16/2015,DS-13180,David Smith,Corporate,Detroit,Michigan,2.2,1,0,0.968
227,CA-2015-163055,8/9/2015,8/16/2015,DS-13180,David Smith,Corporate,Detroit,Michigan,622.45,5,0,136.939
228,CA-2015-163055,8/9/2015,8/16/2015,DS-13180,David Smith,Corporate,Detroit,Michigan,21.98,1,0,0.2198
229,US-2015-145436,2/28/2015,3/4/2015,VD-21670,Valerie Dominguez,Consumer,Columbia,Tennessee,161.568,2,0.2,-28.2744
230,US-2015-145436,2/28/2015,3/4/2015,VD-21670,Valerie Dominguez,Consumer,Columbia,Tennessee,389.696,8,0.2,43.8408
231,US-2014-156216,9/13/2014,9/17/2014,EA-14035,Erin Ashbrook,Corporate,Charlotte,North Carolina,18.648,7,0.7,-12.432
232,US-2017-100930,4/7/2017,4/12/2017,CS-12400,Christopher Schild,Home Office,Tampa,Florida,233.86,2,0.45,-102.048
233,US-2017-100930,4/7/2017,4/12/2017,CS-12400,Christopher Schild,Home Office,Tampa,Florida,620.6145,3,0.45,-248.2458
234,US-2017-100930,4/7/2017,4/12/2017,CS-12400,Christopher Schild,Home Office,Tampa,Florida,5.328,2,0.7,-3.552
235,US-2017-100930,4/7/2017,4/12/2017,CS-12400,Christopher Schild,Home Office,Tampa,Florida,258.072,3,0.2,0
236,US-2017-100930,4/7/2017,4/12/2017,CS-12400,Christopher Schild,Home Office,Tampa,Florida,617.976,3,0.2,-7.7247
237,CA-2017-160514,11/12/2017,11/16/2017,DB-13120,David Bremer,Corporate,Santa Clara,California,10.56,2,0,4.752
238,CA-2016-157749,6/4/2016,6/9/2016,KL-16645,Ken Lonsdale,Consumer,Chicago,Illinois,25.92,5,0.2,9.396
239,CA-2016-157749,6/4/2016,6/9/2016,KL-16645,Ken Lonsdale,Consumer,Chicago,Illinois,419.68,5,0.6,-356.728
240,CA-2016-157749,6/4/2016,6/9/2016,KL-16645,Ken Lonsdale,Consumer,Chicago,Illinois,11.688,3,0.6,-4.6752
241,CA-2016-157749,6/4/2016,6/9/2016,KL-16645,Ken Lonsdale,Consumer,Chicago,Illinois,31.984,2,0.2,11.1944
242,CA-2016-157749,6/4/2016,6/9/2016,KL-16645,Ken Lonsdale,Consumer,Chicago,Illinois,177.225,5,0.5,-120.513
243,CA-2016-157749,6/4/2016,6/9/2016,KL-16645,Ken Lonsdale,Consumer,Chicago,Illinois,4.044,3,0.6,-2.8308
244,CA-2016-157749,6/4/2016,6/9/2016,KL-16645,Ken Lonsdale,Consumer,Chicago,Illinois,7.408,2,0.2,1.2038
245,CA-2014-131926,6/1/2014,6/6/2014,DW-13480,Dianna Wilson,Home Office,Lakeville,Minnesota,2001.86,7,0,580.5394
246,CA-2014-131926,6/1/2014,6/6/2014,DW-13480,Dianna Wilson,Home Office,Lakeville,Minnesota,166.72,2,0,41.68
247,CA-2014-131926,6/1/2014,6/6/2014,DW-13480,Dianna Wilson,Home Office,Lakeville,Minnesota,47.88,6,0,23.94
248,CA-2014-131926,6/1/2014,6/6/2014,DW-13480,Dianna Wilson,Home Office,Lakeville,Minnesota,1503.25,5,0,496.0725
249,CA-2014-131926,6/1/2014,6/6/2014,DW-13480,Dianna Wilson,Home Office,Lakeville,Minnesota,25.92,4,0,12.4416
250,CA-2016-154739,12/10/2016,12/15/2016,LH-17155,Logan Haushalter,Consumer,San Francisco,California,321.568,2,0.2,28.1372
251,CA-2016-145625,9/11/2016,9/17/2016,KC-16540,Kelly Collister,Consumer,San Diego,California,7.61,1,0,3.5767
252,CA-2016-145625,9/11/2016,9/17/2016,KC-16540,Kelly Collister,Consumer,San Diego,California,3347.37,13,0,636.0003
253,CA-2016-146941,12/10/2016,12/13/2016,DL-13315,Delfina Latchford,Consumer,New York City,New York,80.58,6,0,22.5624
254,CA-2016-146941,12/10/2016,12/13/2016,DL-13315,Delfina Latchford,Consumer,New York City,New York,361.92,4,0,162.864
255,US-2015-159982,11/28/2015,12/4/2015,DR-12880,Dan Reichenbach,Corporate,Chicago,Illinois,12.132,9,0.6,-8.4924
256,US-2015-159982,11/28/2015,12/4/2015,DR-12880,Dan Reichenbach,Corporate,Chicago,Illinois,82.368,2,0.2,-19.5624
257,US-2015-159982,11/28/2015,12/4/2015,DR-12880,Dan Reichenbach,Corporate,Chicago,Illinois,53.92,5,0.2,4.044
258,US-2015-159982,11/28/2015,12/4/2015,DR-12880,Dan Reichenbach,Corporate,Chicago,Illinois,647.904,6,0.2,56.6916
259,CA-2017-163139,12/1/2017,12/3/2017,CC-12670,Craig Carreira,Consumer,New York City,New York,20.37,3,0,6.9258
260,CA-2017-163139,12/1/2017,12/3/2017,CC-12670,Craig Carreira,Consumer,New York City,New York,221.55,3,0,6.6465
261,CA-2017-163139,12/1/2017,12/3/2017,CC-12670,Craig Carreira,Consumer,New York City,New York,17.52,5,0.2,6.132
262,US-2017-155299,6/8/2017,6/12/2017,Dl-13600,Dorris liebe,Corporate,Pasadena,Texas,1.624,2,0.8,-4.466
263,US-2014-106992,9/19/2014,9/21/2014,SB-20290,Sean Braxton,Corporate,Houston,Texas,3059.982,3,0.4,-509.997
264,US-2014-106992,9/19/2014,9/21/2014,SB-20290,Sean Braxton,Corporate,Houston,Texas,2519.958,7,0.4,-251.9958
265,CA-2016-125318,6/6/2016,6/13/2016,RC-19825,Roy Collins,Consumer,Chicago,Illinois,328.224,4,0.2,28.7196
266,CA-2015-155040,11/10/2015,11/15/2015,AH-10210,Alan Hwang,Consumer,Brentwood,California,79.9,2,0,35.156
267,CA-2017-136826,6/16/2017,6/20/2017,CB-12535,Claudia Bergmann,Corporate,Chapel Hill,North Carolina,14.016,3,0.2,4.7304
268,CA-2016-111010,1/22/2016,1/28/2016,PG-18895,Paul Gonzalez,Consumer,Morristown,New Jersey,7.56,6,0,0.3024
269,US-2017-145366,12/9/2017,12/13/2017,CA-12310,Christine Abelman,Corporate,Cincinnati,Ohio,37.208,1,0.2,-7.4416
270,US-2017-145366,12/9/2017,12/13/2017,CA-12310,Christine Abelman,Corporate,Cincinnati,Ohio,57.576,3,0.2,21.591
271,CA-2017-163979,12/28/2017,1/2/2018,KH-16690,Kristen Hastings,Corporate,San Francisco,California,725.84,4,0,210.4936
272,CA-2015-155334,7/30/2015,7/31/2015,HA-14920,Helen Andreada,Consumer,San Francisco,California,209.93,7,0,92.3692
273,CA-2015-155334,7/30/2015,7/31/2015,HA-14920,Helen Andreada,Consumer,San Francisco,California,5.28,3,0,2.3232
274,CA-2015-155334,7/30/2015,7/31/2015,HA-14920,Helen Andreada,Consumer,San Francisco,California,10.92,3,0.2,4.095
275,CA-2017-118136,9/16/2017,9/17/2017,BB-10990,Barry Blumstein,Corporate,Inglewood,California,8.82,2,0,4.0572
276,CA-2017-118136,9/16/2017,9/17/2017,BB-10990,Barry Blumstein,Corporate,Inglewood,California,5.98,1,0,1.5548
277,CA-2017-132976,10/13/2017,10/17/2017,AG-10495,Andrew Gjertsen,Corporate,Philadelphia,Pennsylvania,11.648,2,0.2,4.0768
278,CA-2017-132976,10/13/2017,10/17/2017,AG-10495,Andrew Gjertsen,Corporate,Philadelphia,Pennsylvania,18.176,4,0.2,5.9072
279,CA-2017-132976,10/13/2017,10/17/2017,AG-10495,Andrew Gjertsen,Corporate,Philadelphia,Pennsylvania,59.712,6,0.2,5.9712
280,CA-2017-132976,10/13/2017,10/17/2017,AG-10495,Andrew Gjertsen,Corporate,Philadelphia,Pennsylvania,24.84,3,0.2,8.694
281,US-2015-161991,9/26/2015,9/28/2015,SC-20725,Steven Cartwright,Consumer,Houston,Texas,2.08,5,0.8,-3.432
282,US-2015-161991,9/26/2015,9/28/2015,SC-20725,Steven Cartwright,Consumer,Houston,Texas,1114.4,7,0.2,376.11
283,CA-2015-130890,11/2/2015,11/6/2015,JO-15280,Jas O'Carroll,Consumer,Los Angeles,California,1038.84,5,0.2,51.942
284,CA-2015-130883,9/26/2015,10/2/2015,TB-21520,Tracy Blumstein,Consumer,Portland,Oregon,141.76,5,0.2,47.844
285,CA-2015-130883,9/26/2015,10/2/2015,TB-21520,Tracy Blumstein,Consumer,Portland,Oregon,239.8,5,0.2,47.96
286,CA-2015-130883,9/26/2015,10/2/2015,TB-21520,Tracy Blumstein,Consumer,Portland,Oregon,31.104,6,0.2,10.8864
287,CA-2016-112697,12/18/2016,12/20/2016,AH-10195,Alan Haines,Corporate,Tamarac,Florida,254.058,7,0.7,-169.372
288,CA-2016-112697,12/18/2016,12/20/2016,AH-10195,Alan Haines,Corporate,Tamarac,Florida,194.528,2,0.2,24.316
289,CA-2016-112697,12/18/2016,12/20/2016,AH-10195,Alan Haines,Corporate,Tamarac,Florida,961.48,5,0.2,-204.3145
290,CA-2016-110772,11/20/2016,11/24/2016,NZ-18565,Nick Zandusky,Home Office,Columbus,Ohio,19.096,7,0.2,6.6836
291,CA-2016-110772,11/20/2016,11/24/2016,NZ-18565,Nick Zandusky,Home Office,Columbus,Ohio,18.496,8,0.2,6.2424
292,CA-2016-110772,11/20/2016,11/24/2016,NZ-18565,Nick Zandusky,Home Office,Columbus,Ohio,255.984,2,0.2,54.3966
293,CA-2016-110772,11/20/2016,11/24/2016,NZ-18565,Nick Zandusky,Home Office,Columbus,Ohio,86.97,3,0.5,-48.7032
294,CA-2014-111451,12/26/2014,12/28/2014,KL-16555,Kelly Lampkin,Corporate,Colorado Springs,Colorado,300.416,8,0.2,78.8592
295,CA-2014-111451,12/26/2014,12/28/2014,KL-16555,Kelly Lampkin,Corporate,Colorado Springs,Colorado,230.352,3,0.2,20.1558
296,CA-2014-111451,12/26/2014,12/28/2014,KL-16555,Kelly Lampkin,Corporate,Colorado Springs,Colorado,218.352,3,0.2,-24.5646
297,CA-2014-111451,12/26/2014,12/28/2014,KL-16555,Kelly Lampkin,Corporate,Colorado Springs,Colorado,78.6,5,0.7,-62.88
298,CA-2014-111451,12/26/2014,12/28/2014,KL-16555,Kelly Lampkin,Corporate,Colorado Springs,Colorado,27.552,3,0.2,9.2988
299,CA-2016-142545,10/28/2016,11/3/2016,JD-15895,Jonathan Doherty,Corporate,Belleville,New Jersey,32.4,5,0,15.552
300,CA-2016-142545,10/28/2016,11/3/2016,JD-15895,Jonathan Doherty,Corporate,Belleville,New Jersey,1082.48,8,0,10.8248
301,CA-2016-142545,10/28/2016,11/3/2016,JD-15895,Jonathan Doherty,Corporate,Belleville,New Jersey,56.91,3,0,27.3168
302,CA-2016-142545,10/28/2016,11/3/2016,JD-15895,Jonathan Doherty,Corporate,Belleville,New Jersey,77.6,4,0,38.024
303,CA-2016-142545,10/28/2016,11/3/2016,JD-15895,Jonathan Doherty,Corporate,Belleville,New Jersey,14.28,1,0,6.5688
304,US-2017-152380,11/19/2017,11/23/2017,JH-15910,Jonathan Howell,Consumer,Chicago,Illinois,219.075,3,0.5,-131.445
305,CA-2015-144253,5/4/2015,5/9/2015,AS-10225,Alan Schoenberger,Corporate,New York City,New York,26.8,2,0,12.864
306,CA-2014-130960,12/30/2014,1/4/2015,KB-16600,Ken Brennan,Corporate,Taylor,Michigan,9.84,3,0,2.8536
307,CA-2014-111003,6/1/2014,6/6/2014,CR-12625,Corey Roper,Home Office,Lakewood,New Jersey,45.48,3,0,20.9208
308,CA-2014-111003,6/1/2014,6/6/2014,CR-12625,Corey Roper,Home Office,Lakewood,New Jersey,289.2,6,0,83.868
309,CA-2017-126774,4/15/2017,4/17/2017,SH-20395,Shahid Hopkins,Consumer,Arlington,Virginia,4.89,1,0,2.0049
310,CA-2016-142902,9/12/2016,9/14/2016,BP-11185,Ben Peterman,Corporate,Arvada,Colorado,15.136,4,0.2,3.5948
311,CA-2016-142902,9/12/2016,9/14/2016,BP-11185,Ben Peterman,Corporate,Arvada,Colorado,466.768,2,0.2,52.5114
312,CA-2016-142902,9/12/2016,9/14/2016,BP-11185,Ben Peterman,Corporate,Arvada,Colorado,15.232,1,0.2,1.7136
313,CA-2016-142902,9/12/2016,9/14/2016,BP-11185,Ben Peterman,Corporate,Arvada,Colorado,6.264,3,0.2,2.0358
314,CA-2014-120887,9/27/2014,10/3/2014,TS-21205,Thomas Seio,Corporate,Hackensack,New Jersey,87.54,3,0,37.6422
315,CA-2014-167850,8/9/2014,8/16/2014,AG-10525,Andy Gerbode,Corporate,Saint Petersburg,Florida,178.384,2,0.2,22.298
316,CA-2014-167850,8/9/2014,8/16/2014,AG-10525,Andy Gerbode,Corporate,Saint Petersburg,Florida,15.552,3,0.2,5.4432
317,CA-2014-164259,12/28/2014,12/30/2014,SP-20860,Sung Pak,Corporate,Philadelphia,Pennsylvania,99.136,4,0.2,8.6744
318,CA-2014-164973,11/4/2014,11/9/2014,NM-18445,Nathan Mautz,Home Office,New York City,New York,135.882,1,0.1,24.1568
319,CA-2014-164973,11/4/2014,11/9/2014,NM-18445,Nathan Mautz,Home Office,New York City,New York,3991.98,2,0,1995.99
320,CA-2014-164973,11/4/2014,11/9/2014,NM-18445,Nathan Mautz,Home Office,New York City,New York,275.94,6,0,80.0226
321,CA-2014-164973,11/4/2014,11/9/2014,NM-18445,Nathan Mautz,Home Office,New York City,New York,360,4,0,129.6
322,CA-2014-164973,11/4/2014,11/9/2014,NM-18445,Nathan Mautz,Home Office,New York City,New York,43.57,1,0,13.071
323,CA-2014-156601,9/19/2014,9/24/2014,FA-14230,Frank Atkinson,Corporate,Long Beach,California,7.16,2,0,3.58
324,CA-2016-162138,4/23/2016,4/27/2016,GK-14620,Grace Kelly,Corporate,Hesperia,California,251.52,6,0.2,81.744
325,CA-2016-162138,4/23/2016,4/27/2016,GK-14620,Grace Kelly,Corporate,Hesperia,California,99.99,1,0,34.9965
326,CA-2017-153339,11/3/2017,11/5/2017,DJ-13510,Don Jones,Corporate,Murfreesboro,Tennessee,15.992,1,0.2,0.9995
327,US-2016-141544,8/30/2016,9/1/2016,PO-18850,Patrick O'Brill,Consumer,Philadelphia,Pennsylvania,290.898,3,0.4,-67.8762
328,US-2016-141544,8/30/2016,9/1/2016,PO-18850,Patrick O'Brill,Consumer,Philadelphia,Pennsylvania,54.224,2,0.2,3.389
329,US-2016-141544,8/30/2016,9/1/2016,PO-18850,Patrick O'Brill,Consumer,Philadelphia,Pennsylvania,786.744,4,0.3,-258.5016
330,US-2016-141544,8/30/2016,9/1/2016,PO-18850,Patrick O'Brill,Consumer,Philadelphia,Pennsylvania,100.24,10,0.2,33.831
331,US-2016-141544,8/30/2016,9/1/2016,PO-18850,Patrick O'Brill,Consumer,Philadelphia,Pennsylvania,37.764,6,0.7,-27.6936
332,US-2016-150147,4/25/2016,4/29/2016,JL-15850,John Lucas,Consumer,Philadelphia,Pennsylvania,82.8,2,0.4,-20.7
333,US-2016-150147,4/25/2016,4/29/2016,JL-15850,John Lucas,Consumer,Philadelphia,Pennsylvania,20.724,2,0.7,-13.816
334,US-2016-150147,4/25/2016,4/29/2016,JL-15850,John Lucas,Consumer,Philadelphia,Pennsylvania,4.896,3,0.7,-3.4272
335,CA-2015-137946,9/1/2015,9/4/2015,DB-13615,Doug Bickford,Consumer,Los Angeles,California,4.752,1,0.2,1.6038
336,CA-2015-137946,9/1/2015,9/4/2015,DB-13615,Doug Bickford,Consumer,Los Angeles,California,959.984,2,0.2,335.9944
337,CA-2015-137946,9/1/2015,9/4/2015,DB-13615,Doug Bickford,Consumer,Los Angeles,California,14.368,4,0.2,4.49
338,CA-2014-129924,7/12/2014,7/17/2014,AC-10420,Alyssa Crouse,Corporate,San Francisco,California,7.712,2,0.2,2.7956
339,CA-2014-129924,7/12/2014,7/17/2014,AC-10420,Alyssa Crouse,Corporate,San Francisco,California,698.352,3,0.2,-17.4588
340,CA-2015-128167,6/22/2015,6/26/2015,KL-16645,Ken Lonsdale,Consumer,Layton,Utah,4.96,4,0,2.3312
341,CA-2014-122336,4/13/2014,4/17/2014,JD-15895,Jonathan Doherty,Corporate,Philadelphia,Pennsylvania,17.856,4,0.2,1.116
342,CA-2014-122336,4/13/2014,4/17/2014,JD-15895,Jonathan Doherty,Corporate,Philadelphia,Pennsylvania,509.97,10,0.7,-407.976
343,CA-2014-122336,4/13/2014,4/17/2014,JD-15895,Jonathan Doherty,Corporate,Philadelphia,Pennsylvania,30.992,13,0.2,10.0724
344,CA-2014-122336,4/13/2014,4/17/2014,JD-15895,Jonathan Doherty,Corporate,Philadelphia,Pennsylvania,71.928,12,0.4,8.3916
345,US-2015-120712,12/20/2015,12/24/2015,CS-12130,Chad Sievert,Consumer,Austin,Texas,88.8,4,0.2,-2.22
346,CA-2017-169901,6/15/2017,6/19/2017,CC-12550,Clay Cheatham,Consumer,San Francisco,California,47.976,3,0.2,4.7976
347,CA-2017-134306,7/8/2017,7/12/2017,TD-20995,Tamara Dahlen,Consumer,Lowell,Massachusetts,7.56,3,0,3.0996
348,CA-2017-134306,7/8/2017,7/12/2017,TD-20995,Tamara Dahlen,Consumer,Lowell,Massachusetts,24.56,2,0,11.5432
349,CA-2017-134306,7/8/2017,7/12/2017,TD-20995,Tamara Dahlen,Consumer,Lowell,Massachusetts,12.96,2,0,4.1472
350,CA-2016-129714,9/1/2016,9/3/2016,AB-10060,Adam Bellavance,Home Office,New York City,New York,6.79,1,0,2.3086
351,CA-2016-129714,9/1/2016,9/3/2016,AB-10060,Adam Bellavance,Home Office,New York City,New York,24.56,2,0,11.5432
352,CA-2016-129714,9/1/2016,9/3/2016,AB-10060,Adam Bellavance,Home Office,New York City,New York,3.048,1,0.2,1.0668
353,CA-2016-129714,9/1/2016,9/3/2016,AB-10060,Adam Bellavance,Home Office,New York City,New York,49.12,4,0,23.0864
354,CA-2016-129714,9/1/2016,9/3/2016,AB-10060,Adam Bellavance,Home Office,New York City,New York,4355.168,4,0.2,1415.4296
355,CA-2016-138520,4/8/2016,4/13/2016,JL-15505,Jeremy Lonsdale,Consumer,New York City,New York,388.704,6,0.2,-4.8588
356,CA-2016-138520,4/8/2016,4/13/2016,JL-15505,Jeremy Lonsdale,Consumer,New York City,New York,8.26,2,0,3.7996
357,CA-2016-138520,4/8/2016,4/13/2016,JL-15505,Jeremy Lonsdale,Consumer,New York City,New York,17.04,4,0,6.9864
358,CA-2016-138520,4/8/2016,4/13/2016,JL-15505,Jeremy Lonsdale,Consumer,New York City,New York,34.4,5,0,15.824
359,CA-2016-130001,4/23/2016,4/28/2016,HK-14890,Heather Kirkland,Corporate,Charlotte,North Carolina,36.24,5,0.2,11.325
360,CA-2017-155698,3/8/2017,3/11/2017,VB-21745,Victoria Brennan,Corporate,Columbus,Georgia,647.84,8,0,168.4384
361,CA-2017-155698,3/8/2017,3/11/2017,VB-21745,Victoria Brennan,Corporate,Columbus,Georgia,20.7,2,0,9.936
362,CA-2017-144904,9/25/2017,10/1/2017,KW-16435,Katrina Willman,Consumer,New York City,New York,20.7,2,0,9.936
363,CA-2017-144904,9/25/2017,10/1/2017,KW-16435,Katrina Willman,Consumer,New York City,New York,488.646,3,0.1,86.8704
364,CA-2017-144904,9/25/2017,10/1/2017,KW-16435,Katrina Willman,Consumer,New York City,New York,5.56,2,0,1.4456
365,CA-2017-144904,9/25/2017,10/1/2017,KW-16435,Katrina Willman,Consumer,New York City,New York,47.12,8,0,20.7328
366,CA-2014-123344,9/24/2014,9/29/2014,JD-16060,Julia Dunbar,Consumer,San Francisco,California,211.96,4,0,8.4784
367,CA-2016-155516,10/21/2016,10/21/2016,MK-17905,Michael Kennedy,Corporate,Manchester,Connecticut,23.2,4,0,10.44
368,CA-2016-155516,10/21/2016,10/21/2016,MK-17905,Michael Kennedy,Corporate,Manchester,Connecticut,7.36,2,0,0.1472
369,CA-2016-155516,10/21/2016,10/21/2016,MK-17905,Michael Kennedy,Corporate,Manchester,Connecticut,104.79,7,0,29.3412
370,CA-2016-155516,10/21/2016,10/21/2016,MK-17905,Michael Kennedy,Corporate,Manchester,Connecticut,1043.92,4,0,271.4192
371,CA-2017-104745,5/29/2017,6/4/2017,GT-14755,Guy Thornton,Consumer,Harlingen,Texas,25.92,5,0.2,9.396
372,CA-2017-104745,5/29/2017,6/4/2017,GT-14755,Guy Thornton,Consumer,Harlingen,Texas,53.424,3,0.2,4.6746
373,US-2014-119137,7/23/2014,7/27/2014,AG-10900,Arthur Gainer,Consumer,Tucson,Arizona,8.16,5,0.7,-5.712
374,US-2014-119137,7/23/2014,7/27/2014,AG-10900,Arthur Gainer,Consumer,Tucson,Arizona,1023.936,8,0.2,179.1888
375,US-2014-119137,7/23/2014,7/27/2014,AG-10900,Arthur Gainer,Consumer,Tucson,Arizona,9.24,1,0.2,0.924
376,US-2014-119137,7/23/2014,7/27/2014,AG-10900,Arthur Gainer,Consumer,Tucson,Arizona,479.04,10,0.2,-29.94
377,US-2016-134656,9/28/2016,10/1/2016,MM-18280,Muhammed MacIntyre,Corporate,Quincy,Illinois,99.136,4,0.2,30.98
378,US-2017-134481,8/27/2017,9/1/2017,AR-10405,Allen Rosenblatt,Corporate,Franklin,Massachusetts,1488.424,7,0.3,-297.6848
379,CA-2015-130792,4/28/2015,5/5/2015,RA-19915,Russell Applegate,Consumer,Houston,Texas,8.652,3,0.8,-20.3322
380,CA-2015-130792,4/28/2015,5/5/2015,RA-19915,Russell Applegate,Consumer,Houston,Texas,23.832,3,0.2,2.6811
381,CA-2015-130792,4/28/2015,5/5/2015,RA-19915,Russell Applegate,Consumer,Houston,Texas,12.176,4,0.8,-18.8728
382,CA-2016-134775,10/28/2016,10/29/2016,AS-10285,Alejandro Savely,Corporate,San Francisco,California,50.96,7,0,25.48
383,CA-2016-134775,10/28/2016,10/29/2016,AS-10285,Alejandro Savely,Corporate,San Francisco,California,49.536,3,0.2,17.3376
384,CA-2015-125395,6/26/2015,6/29/2015,LA-16780,Laura Armstrong,Corporate,Taylor,Michigan,41.9,2,0,8.799
385,US-2015-168935,11/27/2015,12/2/2015,DO-13435,Denny Ordway,Consumer,Pembroke Pines,Florida,375.4575,3,0.45,-157.0095
386,US-2015-168935,11/27/2015,12/2/2015,DO-13435,Denny Ordway,Consumer,Pembroke Pines,Florida,83.976,3,0.2,-1.0497
387,CA-2015-122756,12/3/2015,12/7/2015,DK-13225,Dean Katz,Corporate,Philadelphia,Pennsylvania,482.34,4,0.7,-337.638
388,CA-2015-122756,12/3/2015,12/7/2015,DK-13225,Dean Katz,Corporate,Philadelphia,Pennsylvania,2.96,1,0.2,0.777
389,CA-2014-115973,11/24/2014,11/26/2014,NG-18430,Nathan Gelder,Consumer,Cincinnati,Ohio,2.624,1,0.2,0.4264
390,CA-2017-101798,12/11/2017,12/15/2017,MV-18190,Mike Vittorini,Consumer,New York City,New York,23.36,4,0.2,7.884
391,CA-2017-101798,12/11/2017,12/15/2017,MV-18190,Mike Vittorini,Consumer,New York City,New York,39.98,2,0,13.5932
392,US-2014-135972,9/21/2014,9/23/2014,JG-15115,Jack Garza,Consumer,Des Moines,Washington,246.384,2,0.2,27.7182
393,US-2014-135972,9/21/2014,9/23/2014,JG-15115,Jack Garza,Consumer,Des Moines,Washington,1799.97,3,0,701.9883
394,US-2014-134971,6/7/2014,6/10/2014,BP-11095,Bart Pistole,Corporate,Peoria,Illinois,12.462,3,0.8,-20.5623
395,CA-2017-102946,6/30/2017,7/5/2017,VP-21730,Victor Preis,Home Office,Las Vegas,Nevada,75.792,3,0.2,25.5798
396,CA-2017-165603,10/17/2017,10/19/2017,SS-20140,Saphhira Shifley,Corporate,Warwick,Rhode Island,49.96,2,0,9.4924
397,CA-2017-165603,10/17/2017,10/19/2017,SS-20140,Saphhira Shifley,Corporate,Warwick,Rhode Island,12.96,2,0,6.2208
398,CA-2015-122259,10/31/2015,11/4/2015,HP-14815,Harold Pawlan,Home Office,Jackson,Michigan,70.12,4,0,21.036
399,CA-2016-108987,9/8/2016,9/10/2016,AG-10675,Anna Gayman,Consumer,Houston,Texas,35.952,3,0.2,3.5952
400,CA-2016-108987,9/8/2016,9/10/2016,AG-10675,Anna Gayman,Consumer,Houston,Texas,2396.2656,4,0.32,-317.1528
401,CA-2016-108987,9/8/2016,9/10/2016,AG-10675,Anna Gayman,Consumer,Houston,Texas,131.136,4,0.2,-32.784
402,CA-2016-108987,9/8/2016,9/10/2016,AG-10675,Anna Gayman,Consumer,Houston,Texas,57.584,2,0.2,0.7198
403,CA-2014-113166,12/24/2014,12/26/2014,LF-17185,Luke Foster,Consumer,Miami,Florida,9.568,2,0.2,3.4684
404,CA-2014-155208,4/16/2014,4/20/2014,SP-20650,Stephanie Phelps,Corporate,Wilmington,North Carolina,39.072,6,0.2,9.768
405,CA-2017-117933,12/24/2017,12/29/2017,RF-19840,Roy Französisch,Consumer,New York City,New York,35.91,3,0,9.6957
406,CA-2017-117457,12/8/2017,12/12/2017,KH-16510,Keith Herrera,Consumer,San Francisco,California,179.95,5,0,37.7895
407,CA-2017-117457,12/8/2017,12/12/2017,KH-16510,Keith Herrera,Consumer,San Francisco,California,1199.976,3,0.2,434.9913
408,CA-2017-117457,12/8/2017,12/12/2017,KH-16510,Keith Herrera,Consumer,San Francisco,California,27.15,5,0,13.3035
409,CA-2017-117457,12/8/2017,12/12/2017,KH-16510,Keith Herrera,Consumer,San Francisco,California,1004.024,7,0.2,-112.9527
410,CA-2017-117457,12/8/2017,12/12/2017,KH-16510,Keith Herrera,Consumer,San Francisco,California,9.68,1,0,4.6464
411,CA-2017-117457,12/8/2017,12/12/2017,KH-16510,Keith Herrera,Consumer,San Francisco,California,28.35,9,0,13.608
412,CA-2017-117457,12/8/2017,12/12/2017,KH-16510,Keith Herrera,Consumer,San Francisco,California,55.98,1,0,27.4302
413,CA-2017-117457,12/8/2017,12/12/2017,KH-16510,Keith Herrera,Consumer,San Francisco,California,1336.829,13,0.15,31.4548
414,CA-2017-117457,12/8/2017,12/12/2017,KH-16510,Keith Herrera,Consumer,San Francisco,California,113.568,2,0.2,-18.4548
415,CA-2017-142636,11/3/2017,11/7/2017,KC-16675,Kimberly Carter,Corporate,Seattle,Washington,139.86,7,0,65.7342
416,CA-2017-142636,11/3/2017,11/7/2017,KC-16675,Kimberly Carter,Corporate,Seattle,Washington,307.136,4,0.2,26.8744
417,CA-2017-122105,6/24/2017,6/28/2017,CJ-12010,Caroline Jumper,Consumer,Huntington Beach,California,95.92,8,0,25.8984
418,CA-2016-148796,4/14/2016,4/18/2016,PB-19150,Philip Brown,Consumer,Los Angeles,California,383.8,5,0.2,38.38
419,CA-2017-154816,11/6/2017,11/10/2017,VB-21745,Victoria Brennan,Corporate,Richmond,Kentucky,5.78,1,0,2.8322
420,CA-2017-110478,3/4/2017,3/9/2017,SP-20860,Sung Pak,Corporate,Los Angeles,California,9.32,4,0,2.7028
421,CA-2017-110478,3/4/2017,3/9/2017,SP-20860,Sung Pak,Corporate,Los Angeles,California,15.25,1,0,7.015
422,CA-2014-142048,6/22/2014,6/25/2014,JE-15745,Joel Eaton,Consumer,Louisville,Colorado,196.752,6,0.2,56.5662
423,CA-2017-125388,10/19/2017,10/23/2017,MP-17965,Michael Paige,Corporate,Lawrence,Massachusetts,56.56,4,0,14.7056
424,CA-2017-125388,10/19/2017,10/23/2017,MP-17965,Michael Paige,Corporate,Lawrence,Massachusetts,32.7,3,0,8.502
425,CA-2017-155705,8/21/2017,8/23/2017,NF-18385,Natalie Fritzler,Consumer,Jackson,Mississippi,866.4,4,0,225.264
426,CA-2017-149160,11/23/2017,11/26/2017,JM-15265,Janet Molinari,Corporate,Canton,Michigan,28.4,2,0,11.076
427,CA-2017-149160,11/23/2017,11/26/2017,JM-15265,Janet Molinari,Corporate,Canton,Michigan,287.92,8,0,138.2016
428,CA-2014-101476,9/12/2014,9/13/2014,SD-20485,Shirley Daniels,Home Office,New Rochelle,New York,69.99,1,0,30.0957
429,CA-2017-152275,10/1/2017,10/8/2017,KH-16630,Ken Heidel,Corporate,San Antonio,Texas,6.672,6,0.2,0.5004
430,US-2016-123750,4/15/2016,4/21/2016,RB-19795,Ross Baird,Home Office,Gastonia,North Carolina,189.588,2,0.7,-145.3508
431,US-2016-123750,4/15/2016,4/21/2016,RB-19795,Ross Baird,Home Office,Gastonia,North Carolina,408.744,7,0.2,76.6395
432,US-2016-123750,4/15/2016,4/21/2016,RB-19795,Ross Baird,Home Office,Gastonia,North Carolina,291.96,5,0.2,54.7425
433,US-2016-123750,4/15/2016,4/21/2016,RB-19795,Ross Baird,Home Office,Gastonia,North Carolina,4.768,2,0.2,-0.7748
434,CA-2016-127369,6/6/2016,6/7/2016,DB-13060,Dave Brooks,Consumer,Lowell,Massachusetts,714.3,5,0,207.147
435,US-2014-150574,12/19/2014,12/25/2014,MK-18160,Mike Kennedy,Consumer,Jacksonville,Florida,4.812,2,0.7,-3.6892
436,US-2014-150574,12/19/2014,12/25/2014,MK-18160,Mike Kennedy,Consumer,Jacksonville,Florida,247.8,5,0.2,-18.585
437,CA-2016-147375,6/12/2016,6/14/2016,PO-19180,Philisse Overcash,Home Office,Chicago,Illinois,1007.979,3,0.3,43.1991
438,CA-2016-147375,6/12/2016,6/14/2016,PO-19180,Philisse Overcash,Home Office,Chicago,Illinois,313.488,7,0.2,113.6394
439,CA-2017-130043,9/15/2017,9/19/2017,BB-11545,Brenda Bowman,Corporate,Houston,Texas,31.872,8,0.2,11.5536
440,CA-2017-157252,1/20/2017,1/23/2017,CV-12805,Cynthia Voltz,Corporate,New York City,New York,207.846,3,0.1,2.3094
441,CA-2016-115756,9/5/2016,9/7/2016,PK-19075,Pete Kriz,Consumer,Detroit,Michigan,12.22,1,0,3.666
442,CA-2016-115756,9/5/2016,9/7/2016,PK-19075,Pete Kriz,Consumer,Detroit,Michigan,194.94,3,0,23.3928
443,CA-2016-115756,9/5/2016,9/7/2016,PK-19075,Pete Kriz,Consumer,Detroit,Michigan,70.95,3,0,20.5755
444,CA-2016-115756,9/5/2016,9/7/2016,PK-19075,Pete Kriz,Consumer,Detroit,Michigan,91.36,4,0,42.0256
445,CA-2016-115756,9/5/2016,9/7/2016,PK-19075,Pete Kriz,Consumer,Detroit,Michigan,242.94,3,0,29.1528
446,CA-2016-115756,9/5/2016,9/7/2016,PK-19075,Pete Kriz,Consumer,Detroit,Michigan,22.05,7,0,10.584
447,CA-2017-154214,3/20/2017,3/25/2017,TB-21595,Troy Blackwell,Consumer,Columbus,Indiana,2.91,1,0,1.3677
448,CA-2016-166674,4/1/2016,4/3/2016,RB-19360,Raymond Buch,Consumer,Auburn,New York,59.52,3,0,15.4752
449,CA-2016-166674,4/1/2016,4/3/2016,RB-19360,Raymond Buch,Consumer,Auburn,New York,161.94,3,0,9.7164
450,CA-2016-166674,4/1/2016,4/3/2016,RB-19360,Raymond Buch,Consumer,Auburn,New York,263.88,6,0,71.2476
451,CA-2016-166674,4/1/2016,4/3/2016,RB-19360,Raymond Buch,Consumer,Auburn,New York,30.48,3,0,7.9248
452,CA-2016-166674,4/1/2016,4/3/2016,RB-19360,Raymond Buch,Consumer,Auburn,New York,9.84,3,0,2.8536
453,CA-2016-166674,4/1/2016,4/3/2016,RB-19360,Raymond Buch,Consumer,Auburn,New York,35.12,4,0,9.1312
454,CA-2017-147277,10/20/2017,10/24/2017,EB-13705,Ed Braxton,Corporate,Akron,Ohio,284.364,2,0.4,-75.8304
455,CA-2017-147277,10/20/2017,10/24/2017,EB-13705,Ed Braxton,Corporate,Akron,Ohio,665.408,2,0.2,66.5408
456,CA-2016-100153,12/13/2016,12/17/2016,KH-16630,Ken Heidel,Corporate,Norman,Oklahoma,63.88,4,0,24.9132
457,US-2014-110674,2/12/2014,2/18/2014,SC-20095,Sanjit Chand,Consumer,Concord,California,129.568,2,0.2,-24.294
458,US-2016-157945,9/26/2016,10/1/2016,NF-18385,Natalie Fritzler,Consumer,Decatur,Illinois,747.558,3,0.3,-96.1146
459,US-2016-157945,9/26/2016,10/1/2016,NF-18385,Natalie Fritzler,Consumer,Decatur,Illinois,8.928,2,0.2,3.348
460,CA-2015-109638,12/15/2015,12/22/2015,JH-15985,Joseph Holt,Consumer,Seattle,Washington,103.92,4,0,36.372
461,CA-2015-109638,12/15/2015,12/22/2015,JH-15985,Joseph Holt,Consumer,Seattle,Washington,899.91,9,0,377.9622
462,CA-2015-109638,12/15/2015,12/22/2015,JH-15985,Joseph Holt,Consumer,Seattle,Washington,51.312,3,0.2,18.6006
463,CA-2016-109869,4/22/2016,4/29/2016,TN-21040,Tanja Norvell,Home Office,Phoenix,Arizona,23.56,5,0.2,7.068
464,CA-2016-109869,4/22/2016,4/29/2016,TN-21040,Tanja Norvell,Home Office,Phoenix,Arizona,1272.63,6,0.5,-814.4832
465,CA-2016-109869,4/22/2016,4/29/2016,TN-21040,Tanja Norvell,Home Office,Phoenix,Arizona,28.485,5,0.7,-20.889
466,CA-2016-109869,4/22/2016,4/29/2016,TN-21040,Tanja Norvell,Home Office,Phoenix,Arizona,185.376,2,0.2,-34.758
467,CA-2016-109869,4/22/2016,4/29/2016,TN-21040,Tanja Norvell,Home Office,Phoenix,Arizona,78.272,2,0.2,5.8704
468,US-2015-101399,1/17/2015,1/24/2015,JS-15940,Joni Sundaresam,Home Office,Park Ridge,Illinois,254.744,7,0.6,-312.0614
469,CA-2017-154907,3/31/2017,4/4/2017,DS-13180,David Smith,Corporate,Amarillo,Texas,205.3328,2,0.32,-36.2352
470,US-2016-100419,12/16/2016,12/20/2016,CC-12670,Craig Carreira,Consumer,Chicago,Illinois,4.788,3,0.8,-7.9002
471,CA-2015-154144,12/20/2015,12/24/2015,MH-17785,Maya Herman,Corporate,Lindenhurst,New York,55.48,1,0,26.6304
472,CA-2014-144666,11/9/2014,11/11/2014,JP-15520,Jeremy Pistek,Consumer,San Francisco,California,340.92,3,0,3.4092
473,CA-2014-144666,11/9/2014,11/11/2014,JP-15520,Jeremy Pistek,Consumer,San Francisco,California,222.666,2,0.15,10.4784
474,CA-2014-144666,11/9/2014,11/11/2014,JP-15520,Jeremy Pistek,Consumer,San Francisco,California,703.968,4,0.2,87.996
475,CA-2014-144666,11/9/2014,11/11/2014,JP-15520,Jeremy Pistek,Consumer,San Francisco,California,92.52,6,0,24.9804
476,CA-2014-144666,11/9/2014,11/11/2014,JP-15520,Jeremy Pistek,Consumer,San Francisco,California,62.65,7,0,28.819
477,CA-2014-144666,11/9/2014,11/11/2014,JP-15520,Jeremy Pistek,Consumer,San Francisco,California,94.85,5,0,45.528
478,CA-2016-103891,7/12/2016,7/19/2016,KH-16690,Kristen Hastings,Corporate,Los Angeles,California,95.76,6,0.2,7.182
479,CA-2016-152632,10/27/2016,11/2/2016,JE-15475,Jeremy Ellison,Consumer,Troy,New York,40.2,3,0,19.296
480,CA-2016-100790,6/26/2016,7/2/2016,JG-15805,John Grady,Corporate,New York City,New York,14.7,5,0,6.615
481,CA-2016-100790,6/26/2016,7/2/2016,JG-15805,John Grady,Corporate,New York City,New York,704.25,5,0,84.51
482,CA-2014-134677,10/6/2014,10/10/2014,XP-21865,Xylona Preis,Consumer,San Diego,California,9.09,3,0,1.9089
483,CA-2014-127691,7/22/2014,7/27/2014,EM-14065,Erin Mull,Consumer,New York City,New York,5.96,2,0,1.6688
484,CA-2014-127691,7/22/2014,7/27/2014,EM-14065,Erin Mull,Consumer,New York City,New York,159.98,2,0,57.5928
485,CA-2017-140963,6/10/2017,6/13/2017,MT-18070,Michelle Tran,Home Office,Los Angeles,California,29.6,2,0,14.8
486,CA-2017-140963,6/10/2017,6/13/2017,MT-18070,Michelle Tran,Home Office,Los Angeles,California,514.165,5,0.15,-30.245
487,CA-2017-140963,6/10/2017,6/13/2017,MT-18070,Michelle Tran,Home Office,Los Angeles,California,279.96,5,0.2,17.4975
488,CA-2014-154627,10/29/2014,10/31/2014,SA-20830,Sue Ann Reed,Consumer,Chicago,Illinois,2735.952,6,0.2,341.994
489,CA-2014-133753,6/9/2014,6/13/2014,CW-11905,Carl Weiss,Home Office,Huntsville,Texas,7.992,1,0.2,0.5994
490,CA-2014-133753,6/9/2014,6/13/2014,CW-11905,Carl Weiss,Home Office,Huntsville,Texas,63.984,2,0.2,10.3974
491,CA-2014-133753,6/9/2014,6/13/2014,CW-11905,Carl Weiss,Home Office,Huntsville,Texas,70.368,2,0.2,6.1572
492,CA-2014-113362,9/14/2014,9/19/2014,AJ-10960,Astrea Jones,Consumer,Rochester,New York,449.15,5,0,8.983
493,CA-2014-113362,9/14/2014,9/19/2014,AJ-10960,Astrea Jones,Consumer,Rochester,New York,11.07,3,0,5.0922
494,CA-2016-169166,5/9/2016,5/14/2016,SS-20590,Sonia Sunley,Consumer,Seattle,Washington,93.98,2,0,13.1572
495,US-2016-120929,3/18/2016,3/21/2016,RO-19780,Rose O'Brian,Consumer,Memphis,Tennessee,189.882,3,0.4,-94.941
496,CA-2015-134782,12/27/2015,12/31/2015,MD-17350,Maribeth Dona,Consumer,Fayetteville,Arkansas,105.42,2,0,51.6558
497,CA-2016-126158,7/25/2016,7/31/2016,SC-20095,Sanjit Chand,Consumer,Costa Mesa,California,119.616,8,0.2,40.3704
498,CA-2016-126158,7/25/2016,7/31/2016,SC-20095,Sanjit Chand,Consumer,Costa Mesa,California,255.76,4,0,81.8432
499,CA-2016-126158,7/25/2016,7/31/2016,SC-20095,Sanjit Chand,Consumer,Costa Mesa,California,241.568,2,0.2,18.1176
500,CA-2016-126158,7/25/2016,7/31/2016,SC-20095,Sanjit Chand,Consumer,Costa Mesa,California,69.3,9,0,22.869
